<?xml version="1.0" encoding="UTF-8" standalone="yes"?>
<addon id="repository.HrtvWizard" name="[COLOR red]HIGH ROLLER TV[/COLOR] Repo" version="1.0.4" provider-name="GONZALEZ">
    <extension point="xbmc.addon.repository" name="HIGH ROLLER TV REPO">
        <info>https://raw.githubusercontent.com/tontixs/last-repo/master/Repositorio/addons.xml</info>
        <checksum>https://raw.githubusercontent.com/tontixs/last-repo/master/Repositorio/addons.xml.md5</checksum>
        <datadir zip="true">https://raw.githubusercontent.com/tontixs/master/Repositorio/</datadir>
    </extension>
    <extension point="xbmc.addon.metadata">
        <summary>WIZARD HIGH ROLLER TV</summary>
        <description></description>
        <disclaimer></disclaimer>
        <platform>all</platform>
    </extension>
</addon>
